Press,Headline,Analysis
IT동아,"잇따르는 전기차 화재, 왜 발생할까?",부정
경향신문,"고성능은 기본…전기차, 이제 사이즈로 승부한다",중립
오마이뉴스,"""가장 전기차다운…"" 연비-주행 모든 것 담았다",긍정
MBC,"싼타페 너마저..전기차 시대, 베트남 중국 인도가 몰려온다",중립
오토타임즈,"[시승]엔트리 고급 전기차의 가치, 아우디 Q4 e-트론 40",중립
연합뉴스,"""중국산 전기차 몰려온다""…美 자동차 시장 경고",부정
연합뉴스,"""日도요타, 테슬라 추격 위해 전기차 사업 '리부팅' 검토""",중립
연합뉴스,'리스' 전기차로 숨통 텄지만…북미조립·핵심광물 규정 '난관',부정
연합뉴스,"""전기차, 미국 자동차시장 주류로…저비용 힘입어 보급 확산""",긍정
MBC,한국산 전기차 차별 막을 수 있을까?,중립
연합뉴스,"도요타, 일본 공장에 전기차 전용 생산라인 설치 검토",중립
연합뉴스,[시승기] 안정적 주행감 강점..폭스바겐 전기차 ID.4,긍정
전자신문,"[신차드라이브]폭스바겐 ID.4 ""잘 만든 전기차 교과서""",긍정
한겨레,[단독] 뒤차 놀래키는 전기차 ‘브레이크등’…국토부 이제야 바꾼다,부정
국민일보,"'전기차, 전기차 그리 외치더니'.. 유럽서 부는 회의론",부정
연합뉴스,국산과 수입 전기차 보조금 차이 '최소 250만원' 더 벌어질듯,부정
연합뉴스,"진화에만 2시간…소방당국, 전기차 화재 대응에 골머리",부정
문화일보,"<문희수의 시론>전기차 보급, 속도조절 필요하다",중립
한겨레,"내수시장 벗어나는 중국차, ‘전기차’ 앞세워 세계 데뷔 성공할까",중립
연합뉴스,한국산 전기차도 '리스 차량'은 美인플레법 보조금 받는다(종합),긍정
오토타임즈,"[하이빔]전기차 시대, 판매사도 바짝 긴장?",중립
동아일보,“전기차 배터리 40% 남으면 조급… 생활권내 충전소 미리 확인을”,중립
KBS,[ET] 전기차 30만 대 시대..현황과 보완점은?,중립
문화일보,<오후여담>뒤죽박죽 전기차 보조금,부정
연합뉴스,'북미조립' 언급없는 美 IRA 일정표…한국 전기차 차별해소 난망,부정
헬스조선,불 붙으면 '열폭주'… 전기차 탈출 묘수는?[살아남기],부정
뉴시스,BMW i7 살펴본 이재용…전기차 협력 강화 약속,긍정
뉴시스,"日정부, 전기차 대상 주행거리별 세금 부과 검토",중립
머니투데이,"""AS망 갖춰야 보조금"" 韓전기차 맞불",부정
연합뉴스,"정부, IRA 상업용 전기차 요건 완화 제안 방침…돌파구 주목(종합)",긍정
오토타임즈,[하이빔]차별로 변질되는 전기차 보조금,부정
일간스포츠,3고 뚫은 경차의 부활…내년엔 전기차 모델 가세,중립
머니투데이,전기차로 '탄소중립·일자리 보호' 두 마리 토끼 잡는 獨,긍정
전자신문,[카&테크]미래 전기차 핵심 '열 관리' 기술,중립
뉴시스,"""유럽 전기차 고속충전비 휘발유값보다 비싸""",부정
연합뉴스,"韓美 '한국산 전기차 보조금 제외' 협의 착수..美 ""긴밀 연락""",중립
연합뉴스,개인 소유 전기차 충전기 공유 서비스 허용..수익창출 가능,긍정
오토타임즈,"[하이빔]전기차, 배터리 가격의 진짜 고민",중립
조선비즈,[시승기] 가속페달 하나로 주행 가능… 볼보 전기차 ‘C40 리차지’,긍정
한국경제,"""1.8억 값어치 하네""..'신기술 중무장' 벤츠 전기차 EQS [신차털기]",긍정
한국경제,전기차 인기인데 보조금 남아돈다…'기현상' 벌어진 까닭,중립
SBS,'수리비 폭탄' 전기차 배터리..묻지마 교체 막는다,부정
비즈워치,"토요타, 전기차보다 하이브리드 밀고있는 이유",부정
연합뉴스,"바이든 ""전기차 미국내 생산"" 거듭 강조..차별 해소 장기화하나(종합)",중립
전자신문,인기 전기차 품귀… 내년까지 밀렸다,부정
연합뉴스,"세계 완성차업계, 배터리·반도체 부족에 전기차 수요 못 따라가",부정
동아일보,"도요타, 전동화 전략 대대적 수정…하이브리드-전기차 놓고 갈팡질팡?",부정
연합뉴스,"중국서 전기차 업계 뜨거운 판촉 경쟁..할인, 보험료 지원",긍정
헬스조선,"전기차 화재 위험, 과대평가 vs 과소평가?",중립
머니투데이,"'대륙의 실수' '샤오미', 전기차 도전은 '진짜' 실수?",부정
문화일보,<오후여담>高비용 전기차,부정
연합뉴스,"중국 전기차 비야디, 상반기 순이익 3배로 증가",긍정
IT동아,전기차 확산 막아선 대외 불확실성,부정
연합뉴스,"정부, IRA 전기차 세액공제 관련 의견서 美 정부에 제출(종합)",중립
중앙일보,"""보조금 잡아라"" 니로부터 코란도‧볼트까지 '전기차 풍년'",긍정
뉴시스,"美 전기차 보조금 축소..""현대차 해법, 이것밖에 없다""",부정
연합뉴스,전기차 배터리 카르텔 생기나…호주 리튬·인니 니켈 동맹 추진,부정
파이낸셜뉴스,"전기료 치솟는 유럽, 전기차 유지비가 휘발유보다 비싸",부정
연합뉴스,"바이든, 'IRA 조정' 가능성 첫 시사…한국 전기차 차별 해소되나",중립
한국경제,"""대세면 뭐합니까""..전기차 대신 하이브리드 찾는 이유",부정
연합뉴스,주유소에도 전기차 충전기..공원서 자율주행로봇 배달(종합),중립
매일경제,노란색 미러·동그란 디스플레이..'미니' 감성 담은 전기차,긍정
한겨레,전기료 오르고 충전소 여전히 부족…전기차는 미래인가?,중립
MBC,"전기차 차별 대응에 새로운 전략..""미국에 논란 만들겠다""",부정
연합뉴스,수입전기차 잘 나가는데…전동화 더딘 '르쌍쉐' 존재감 없어,부정
비즈워치,'HEV·PHEV·BEV' 다양한 전기차..어떤 차이 있을까,중립
연합뉴스,"미 전기차 보조금 준다지만..""이미 부유층 전유물""",부정
한국경제,"""휘발유 비싸지고 전기차 보조금 줄고""…새해 달라지는 것들",부정
뉴시스,"현대차그룹, 美 30만대 전기차 공장 기공식..2025년 양산(종합)",긍정
노컷뉴스,전기차도 '덩치' 경쟁…'고급·대형화' 바람 분다,중립
조선일보,"오스카 음악상 한스 치머, 전기차를 악기로 삼다",중립
연합뉴스,[美중간선거] 의회 권력변화에 '한국 전기차 차별' 인플레法 달라질까,중립
경향신문,보조금 없어도..'고가 전기차' 판매 질주,긍정
주간동아,"美 전기차 시장 악재 현대차그룹, 역대급 실적 이어갈까",부정
조선비즈,일부러 소음 넣고 덜컹거리게… 기름차 느낌 내는 전기차,부정
SBS Biz,일단 '살아남고' 보자..'전기차 올인' 힘 조절,중립
연합뉴스,"'역풍 직면' 中 전기차 스타트업 삼총사, 질주 멈출까",부정
연합뉴스,"전기차 화재 매년 증가..정우택 ""진압장비 부족, 대응책 시급""",부정
동아일보,세계 1위 전기차 업체는 어디? 테슬라를 제쳤다고?[딥다이브],중립
뉴시스,주유기 옆에 전기차 충전기?..미래차 충전 인프라 확충 가속도(종합),긍정
KBS,전기차 충전소 지하에 ‘속속’…화재 대비는 ‘무방비’,부정
SBS,"""72시간 물 뿌려야.."" 속수무책 전기차 화재, 대안 시급",부정
조선일보,"이륜차의 땅 동남아, 전기차의 전쟁터로",중립
연합뉴스,"""美, 11월 중간선거 뒤 전기차 원산지 규정 유연 적용 가능성""",중립
KBS,충전·유지비·화재…한파에 드러난 전기차 3대 민낯,부정
뉴시스,전기차 수리비 폭탄 피하려면..특약으로 부담 줄여야,부정
연합뉴스,"바이든 ""미국산 전기차에 보조금""..연일 인플레감축법 홍보(종합)",중립
연합뉴스,"美·EU 전기차 보조금 해법 논의 속도?..美 ""문제 해결 확신""",긍정
뉴시스,美 중간선거 D-1...현대차그룹 '전기차 보조금' 향배는?,중립
연합뉴스,"美재무부, 전기차 세액공제 지침 마련 중..한국 입장 반영될까",중립
연합뉴스,"유럽 전기차 시장에 먹구름…""주유보다 비싸진 충전""",부정
연합뉴스,"현대차, G80 롱휠베이스 전기차 공개…G20 정상 차량으로 지원",긍정
경향신문,아이오닉6·EV6 GT 북미 첫선···달아오르는 미국 전기차 시장,긍정
한겨레,"전기차 충돌 직후 800℃ ‘열폭주’…모서리 박으면 더 위험, 왜",부정
연합뉴스,"한국, 전기차 수출 세계 4위..1~3위는 독일·미국·중국",중립
주간동아,"전기차, '인포테인먼트' 품고 뉴노멀車 될까",중립
머니투데이,"""내년엔 보조금 폐지, 빨리 사자""…中, 전기차 불티나게 팔렸다",긍정
주간동아,떠오르는 동남아 전기차 시장 한중일 각축전,중립
연합뉴스,[시승기] 맘놓고 오래 달려도 걱정없는 전기차..현대차 아이오닉6,긍정
한국경제,[시론] 빠르게 다가오는 '전기차 혁명',긍정
지디넷코리아,"""아이오닉6 살까? EV6 GT 살까?""..하반기 전기차 몰려온다",중립
오토타임즈,"다마스 라보 빠진 경상용차, 中 전기차 장악",부정
JIBS,"'순식간에 1,000도'...전기차 화재 진압 장비 도입",부정
연합뉴스,[시승기] 전기차 가능성을 봤다…르노 XM3 이테크 하이브리드,긍정
연합뉴스,"숄츠 다녀간 뒤…BMW, 中전기차 배터리공장에 1조9천억원 투자",긍정
동아일보,"돈줄 얼어붙은 전기차 배터리 업계, 美공장 투자 등 보류",부정
한겨레,"본격적 전기차 시대 진입, 충전기가 관건이다",중립
연합뉴스,IRA로 2030년 美승용차 판매 절반 전기차 전망..한국차만 '소외',부정
한겨레,"[ESC] 2022 전기차, 누가 날 막을 것인가",중립
연합뉴스,"대만 폭스콘 회장 ""중국에서 전기차 안 만든다""",부정
연합뉴스,"대만, 전기차 핵심부품 개발 등에 4년간 2천200억원 지원",긍정
국제신문,달리던 전기차 또 활활...원인 모를 잇단 화재에 사용자 불안,부정
IT동아,'마이브' 차주에게 물었다..초소형 전기차 타보니 어때요?,중립
연합뉴스,"한미, '전기차 차별' 별도협의체 구성..""최대한 많은 대안 논의""(종합)",중립
머니투데이,K배터리 막더니...韓 전기차 시장 공략하는 중국,부정
한국경제,"제주도는 어떻게 전기차 '천국'이 됐나…""내년 '시즌 2' 예고""",긍정
머니투데이,"휴가철 전기차 충전 '바글바글'..""전쟁터였다""",부정
IT동아,"소니·혼다 모빌리티, 日 전기차 구원투수 될까",중립
머니투데이,르노+구글+퀄컴의 '전기차'는? 르노 'EV 총력전',긍정
국민일보,‘토르의 망치’ ‘북유럽 미니멀리즘’ 담은 전기차,긍정
YTN,"[팩트와이] 국내 전기차 보조금, 테슬라가 쓸어간다?",중립
한국경제,"""테슬라 잡는다""..링컨 전기차 앞세운 포드의 야심찬 전략 [서기열의 실리콘밸리나우]",중립
MBN,[김주하의 '그런데'] '한국은 전기차 호구' 아는가?,부정
뉴시스,발생하면 치명적인 전기차 화재사고...대책 없나?,부정
연합뉴스,"전기차 충성도 높다..""美구매자, 휘발유차로 돌아가지 않아""",긍정
연합뉴스,전기차 보조금 협의 시작한 날 美는 인플레감축법 적극 홍보,중립
뉴시스,한국 전기차 생산 놓고 'GM vs 르노' 엇갈린 입장..왜?,중립
오토타임즈,[하이빔]정비센터 많으면 전기차 보조금을 더?,중립
뉴시스,"""국내 전기차 산업, 교체식 배터리 도입 고려해야""",중립
문화일보,WP “미국 전기차 시장 내 중국산 비중 커진다” 경고,부정
전자신문,레이부터 토레스까지.. 전기차로 변신 중,긍정
한국경제,"[단독] LG유플러스, 전기차 충전 사업 본격화…플랫폼 '볼트업' 출시",긍정
머니투데이,"대만, 반도체 이어 전기차도? '아이폰' 그 회사 ""테슬라 생산하고파""",중립
머니투데이,"추운 날 충전 안되고, 달리다 갑자기 '불'…전기차 운전자들 불안",부정
중앙일보,"""오차? 머리카락 10분의 1 굵기도 안돼"" 전기차 진동 잡는 기술",중립
국민일보,'이러다 기름값 넘볼라 ..' 전기료 인상에 전기차 '빨간등',부정
오토타임즈,"[시승]욕심 많은 전기차, 볼보차 C40 리차지",중립
머니투데이,전기차 생태계 빨아들이는 美 IRA..충전기 공장도 미국행 러시,긍정
오마이뉴스,"가장 한국적인 전기차 아이오닉6, 한계를 넘어서다",긍정
연합뉴스,"테슬라, 중국서 전기차 가격 인하..주가 장중 200달러 하회",부정
연합뉴스,"인도네시아, 도요타 생산공장도 유치..전기차 허브구상 '탄력'",긍정
세계일보,"“美 IRA 전기차 보조금, WTO·FTA 규정 위반 가능성”",부정
조선비즈,"달릴 때 바퀴 빠지는 도요타 전기차 ""회전력 계산 착오""",부정
연합뉴스,"정부대표단, 美의 한국산 전기차 보조금 지급 제외 협의차 방미",중립
머니투데이,중국인 전기차 사니..'배터리'도 BYD가 LG엔솔 따라잡나? [차이나는 중국],중립
비즈워치,"[르포]SK온 헝가리공장, 전기차 30만대 공급규모 직접보니",중립
연합뉴스,"美서 전기차 전용기지 첫발..현대차, 미래성장 동력 전환 가속",긍정
뉴시스,신차보다 비쌌던 중고 전기차·하이브리드...가격 떨어질까,중립
데일리안,전동화 시대에도 퍼포먼스 포기 못해..줄 잇는 고성능 전기차,긍정
동아일보,“10년 전 전기차 느낌”…그린수소 대전이 시작됐다[딥다이브],중립
한국경제,"""전기차 맞아?""..이질감 쏙 뺀 폭스바겐 'ID.4' [신차털기]",중립
연합뉴스,"옐런 美재무 ""한국측 전기차 우려 고려하겠지만 법대로 시행""",중립
머니투데이,테슬라와 반대 '가성비' 통했다..무섭게 질주하는 中 전기차,부정
뉴시스,상용차도 '친환경'..수소·전기차 글로벌 시장 누빈다,중립
매일경제,美언론도 지적한 ‘바이든 실책’…韓 전기차 ‘최악’은 피했다,중립
한국경제,"""히터도 못 틀겠네""…전기차 차주들 겨울철 복병에 '초비상'",부정
매일경제,아이오닉6·폴스타3…내년 출시될 ‘멋진’ 전기차에 선정,긍정
채널A,[단독]아파트 전기차 화재 진화할 덮개 '전무',부정
연합뉴스,[시승기] 빠른데 안락하다..가장 잘 달리는 전기차 EV6 GT,긍정
오토타임즈,"[시승]전용 전기차 부럽지 않다, 기아 니로 EV",긍정
매일경제,이 회사가 전기차와 무슨 상관?…충전기 운영사 알고보니,부정
더팩트,포항제철소 때린 태풍에..하이브리드·전기차 출고 더 늦어지나,부정
연합뉴스,[포켓이슈] 쉽게 안꺼지는 전기차 화재…지하에서 발생한다면?,부정
연합뉴스,"통상본부장 ""美측과 '전기차 문제' 조속히 풀 방안 찾기로 합의""",긍정
국제신문,미국서 '국내 전기차 구하기' 대작전..윤 대통령 나서나?,중립
머니투데이,"BMW ""2.4조 투자, 美서 전기차 만든다"".. 獨정부 IRA '작심 비판'",부정
뉴시스,"""中, 전기차 수익성 저하로 하이브리드 재부상""",부정
연합뉴스,"현대차그룹 美전기차공장 부지정지작업 끝내…""공사 착착 진행""",긍정
전자신문,전기차 배터리 '쾌속 성장'… 소부장 '반사이익',긍정
한국경제TV,현대차 미 전기차 공장 착공..돌파구 없는 'IRA',부정
한겨레,베엠베는 왜 영화음악 감독과 계약했나..전기차 '배기음' 전쟁 [ESC],중립
연합뉴스,[CES 2023] 동박부터 전기차 배터리까지…SK '전기차 생태계' 한자리에,긍정
한국경제,"전기차 '타이칸' 만든 포르쉐 수장, 주춤하는 폭스바겐 혁신 나선다",중립
IT동아,"전동화 물결 탄 전기차 타이어, 특징과 종류는?",중립
한겨레,[논썰] 미국의 전기차 '뒤통수'에 '허둥지둥' 윤 정부,부정
연합뉴스,"국회, '韓전기차 지원 제외' 美인플레감축법 우려 결의안 채택",부정
조선일보,전기차 ‘춘추전국’… 베트남·대만·인도 기업들 테슬라에 도전장,중립
YTN,[팩트와이] 우리나라만 전기차 우대 안 한다?,부정
한국경제,"코란도 전기차, 트랙스 후속모델까지…내년도 'SUV 판' 깔린다",중립
연합뉴스,"전기차 화재 작년 23건, 1년새 2배..아직 미흡한 진압장비",부정
매일경제,"50조 쏟아붓고 ""더뎌도 완벽하게""..이 회사 전기차 마인드 괜찮네 [위클리기사단]",긍정
조선일보,"전기차, 부품 40%줄어 인력조정 불가피… 노조 동의없인 못해",부정
MBC,모델S 출시 10년 - 탄소배출 없는 전기차의 진격,긍정
중앙일보,"[사설] 전기차에 흔들리는 한·미 동맹, 미국이 답할 차례다",부정
연합뉴스,"""내연기관 단종하고 전기차 올인한 베트남 빈패스트 눈여겨봐야""",중립
뉴시스,"아이오닉6, 美매체서 '세상에서 가장 쿨한 전기차' 선정",긍정
비즈워치,①전기차 급증하는데 독 품은 배터리 어쩌나,부정
연합뉴스,'전기차 차별'에 한미 경제협력 차질?..'칩4 회의' 개최 늦어져,부정
한국경제TV,국산 전기차 내수판매 '역대 최고'…아이오닉6 인기,긍정
중앙일보,쏠쏠한 돈 되는 전기차 폐배터리..여기 거치면 전기자전거 부활,긍정
중앙일보,아이폰 떠오른다..'프렁크' 없앤 1억 전기차 벤츠 EQE 타보니,중립
머니투데이,'-7℃' 기온 뚝 떨어지니 전기차 주행거리 '52㎞' 사라졌다,부정
연합뉴스,외통·산자위 '韓전기차 지원 제외' 美인플레감축법 우려 결의안(종합),부정
이코노미조선,[시승기] 아우디 ‘Q4 e-트론’ | 급가속·급정거 없는 아우디 전기차,중립
연합뉴스,"韓 ""전기차 차별로 협력 동력 약화""..美 ""해법 모색 지속 협의""",중립
뉴시스,"도요타 사장 ""전기차? 정답은 아직 불분명…조용한 다수는 의문""",중립
연합뉴스,"BMW, 美전기차 시설에 2조4천억원 투자..獨, IRA에 불만 토로",부정
연합뉴스,한국산 전기차도 '리스 차량'은 美인플레법 보조금 받는다,중립
매일경제,유럽서 잘 나간 이유 있네…전기차 같은 하이브리드 [시승기],중립
머니투데이,충전보다 기름 넣는 게 이득…유럽서 잘 나갔던 전기차 '급제동',부정
매일경제,"[월가월부] ""머스크 또 팔다니""… 테슬라 급락에 전기차株 '눈물'",부정
더스쿠프,불 나면 물 106배 드는 전기차의 고민,부정
오토타임즈,[하이빔]배터리 전기차의 진짜 경제성,중립
연합뉴스,"GM ""전기차, IRA 보조금에 수익성 개선…2025년 흑자전환 전망""",긍정
동아일보,"[김도형 기자의 일편車심]중국, 베트남, 사우디… 전기차 다크호스들",중립
조선비즈,[시승기] '아메리칸 럭셔리'의 진수.. 캐딜락 첫 전기차 리릭,긍정
뉴시스,"푸조, 출시 한달 전기차 파격 할인..보조금 경쟁 시작?",중립
한국경제,충전 안하면서 주차비 먹튀..'전기차 얌체족'에 결국 칼 빼들었다 [車모저모],부정
전자신문,[카&테크]아우디 전기차 생산 로드맵 '360 팩토리',중립
뉴시스,"외통위, '美 전기차 보조금 차별 금지' 촉구 결의안 의결",중립
한국경제,[단독] 기아 화성 전기차공장 표류…사측 '사전공사 요청' 공문,부정
전자신문,"BMW 회장 만난 이재용 ""전기차 협력 강화""",긍정
동아일보,"韓, 전기차 산업 등 ‘샌드위치 신세’… 中에 치이고 美日에 밀려",부정
뉴시스,"올해 中전기차 보조금 2천억 넘을 듯..""정책 개편해야"" 지적",부정
뉴시스,"""中 BYD 급성장..전기차 대중화 동력 될 것""",긍정
조선일보,오히려 비싼 전기차 유지비.. 아직은 이 차에 밀린다,부정
뉴시스,"바이든, '美 자동차 본산' 미시간서 ""전기차 미래 건설""",긍정
대구MBC,"[안동]""꺼도 꺼도 살아나""···영주 전기차 화재 1명 사망",부정
중앙일보,정유회사가 전기차 배터리 개발한 이유는.. [SKI 혁신연구],중립
뉴시스,전기차 충전 기반시설 구축 어떻게?…발전협의회 개최,중립
연합뉴스,전기차 기업·충전기 제조사 모여 급속충전기술 점검..행사 개막,중립
연합뉴스,중국 시장서 토종 전기차에 맹추격 당하는 美테슬라,부정
한국경제,"""너무 좋은데 전기차는 안 되겠다 싶더라고요""…왜? [전기차 30만 시대(1)]",부정
조선일보,"도요타 “뼈대부터 다시 만들자”… 전기차 경쟁, 본게임이 시작됐다",중립
뉴시스,"""전기차 성능 더 높인다""..한국타이어 전기차 타이어 '아이온' 출시",긍정
KBS,[ET] 테슬라 넘어선 중국 전기차 vs 현대차·기아,중립
연합뉴스,"전기차 핵심 '리튬노다지' 중남미, 생산서 민간배제 국영화 나서",부정
연합뉴스,"美, 전기차 보조금 세부규정 제정 착수..11월 4일까지 의견 수렴",중립
뉴시스,"한국GM ""한국에선 전기차 판매만..생산 계획 없다""(종합)",부정
조선일보,테슬라 흉내내던 전기차 스타트업들의 몰락,부정
머니투데이,전기료 상승·보조금 축소…유럽 전기차 '끽',부정
MBC,[미리보는 경제] 기로에 선 한국 전기차,중립
연합뉴스,"美·EU ""전기차 보조금 TF 논의 초기 진전…건설적 해결 약속""(종합)",긍정
한겨레,전기차 시장 지배자 테슬라 선두주자 우위 이어갈까,중립
일간스포츠,"추위 타는 전기차…""한파에 몰기 겁나요""",부정
국민일보,'제2 테슬라' 꿈꾸던 전기차 스타트업들 무너지고 있다,부정
연합뉴스,"바이든, 인플레 감축법 서명..한국산 전기차 보조금 제외 '비상'",부정
한국경제,계묘년 '전기차 대전'…큰 놈끼리 진검승부 펼친다,중립
연합뉴스,"車생산·수출·내수 두자릿수↑..전기차, 하이브리드 첫 추월",긍정
뉴시스,"국회 대표단, '한국산 전기차 차별' IRA 논의 차 방미",중립
SBS Biz,[단독] 내년 '택배 전기차' 빨리 받는다..법 유예도 검토,긍정
아이뉴스24,"[팩트체크] 전기차, 정말 화재에 취약할까?",중립
경향신문,전기차 ‘무선충전 시대’ 열려···과기부 12개 규제혁신전략 발표,긍정
연합뉴스,"EU ""美 IRA, 전기차 보조금 등 최소 9개 항목 국제법 위반 소지""",부정
뉴시스,"韓전기차, '리스·렌터카'는 美서 보조금…""정부 의견 반영""",중립
연합뉴스,"바이든 이어 부통령도 ""韓 우려 이해""..전기차 차별 해법 나올까",중립
뉴시스,"[전기차 10만대 시대③]전기차 중흥, 앞으로 넘어야 할 산은?",중립
조선비즈,전기차 수요 둔화 우려… 잘 나가던 배터리株에 무슨 일?,부정
매일경제,"“빌게이츠 감탄, 머스크 발끈”…‘넘사벽’ 전기차, 타이칸 폭주 [왜몰랐을카]",중립
MBC,"[집중취재M] 충전 중 ""펑!"" 전기차 열폭주 지하에서 나면..",부정
뉴시스,"한국산 '리스 전기차', 美서 전기차 보조금 받는다",긍정
뉴시스,"中 전기차 굴기, 선봉장 '비야디'…한국시장 들어오면?",중립
연합뉴스,전기차 폐배터리 '순환자원'으로 규제완화..재활용률 높인다,긍정
연합뉴스,"한자연 ""인니·태국을 전기차 생산·수출기지로 적극 활용해야""",중립
뉴시스,"연말이면 오르던 중고 전기차...""이번엔 떨어지네?""",부정
채널A,전기차 '맞불'..AS망 따라 테슬라 보조금 깎는다,부정
매일경제,"한국 SOS 애써 외면한 바이든..""美생산 전기차에만 보조금""",부정
세계일보,"정부, IRA 전기차 세액공제 관련 의견서 美 정부에 제출",중립
뉴시스,"[단독]GM 실력자, 실판 아민 사장 방한..노조와 '전기차' 담판",중립
연합뉴스,"통상본부장, 美와 '전기차 차별' 논의..美 ""진지하게 협의할 것""(종합)",중립
머니투데이,"현대차 한숨 돌렸다…美, 한국산 '리스 전기차'도 IRA 보조금",긍정
연합뉴스,"한미협력으로 첫삽 뜬 현대 전기차공장..""한국은 신뢰할 파트너""(종합)",긍정
동아일보,"전기차도 온실가스가 나온다?..""전 과정 평가 도입 필요""",부정
국제신문,전기차 화재 2배 증가하는데 진압 장비 부족,부정
동아일보,차세대 럭셔리 비즈니스 세단 ‘벤츠 EQE’… 국내 수입 전기차 시장 경쟁 신호탄,중립
매일경제,"정부대표단, USTR 부대표 면담..""전기차 韓우려 논의""",중립
연합뉴스,"日도요타 CEO ""전기차는 하나의 선택지일 뿐…정답 아직 불분명""",중립
연합뉴스,세계은행 '최악 대기오염' 인도 전기차 구매 지원 추진,부정
연합뉴스,"바이든 ""전기차 미국내 생산"" 거듭 강조..차별 해소 장기화하나",중립
동아일보,도요타 “기존 전기차 플랫폼 폐기”… 전동화 전략 대폭 수정,부정
뉴시스,[전기차 10만대 시대①]엇갈리는 시장점유율…'1강3약' 뚜렷,중립
한국경제,전기차도 '덩치들' 몰려온다…SUV 볼보 EX90·기아 EV9 내년 출시,중립
뉴시스,전기차 생산에 미묘한 입장 밝힌 한국GM..속내는,중립
뉴시스,"BMW코리아 ""내년 전기차 충전기 1000기 이상 확보""",긍정
오토타임즈,"GM, ""모두를 위한 전기차 만들 것""",긍정
SBS,미국 · 중국은 안 주는데..우리만 '열린 전기차 보조금'?,부정
연합뉴스,"""글로벌 전기차시장 선도"" 현대차그룹, 美 조지아공장 기공식",긍정
동아일보,"바이든, 공화당의 IRA 개정 제동… 韓 전기차보조금 해결 먹구름",부정
동아일보,"美, 한국산 리스 전기차도 7500달러 보조금 지급…韓업계 안도",긍정
문화일보,한국산 전기차 ‘리스 차량’은 美인플레법 보조금 받게 돼...한국 요청 수용,긍정
뉴시스,"""美 전기차 차별에 한국인들 바이든에 실망"" WSJ",부정
조선비즈,임대주택서도 인기 높은 전기차… LH “전기차엔 ‘차량가액’ 예외둬야”,중립
연합뉴스,EU·日도 美전기차 보조금 차별문제 제기..한국에 힘실리나,중립
연합뉴스,"백악관 '韓 전기차 차별' 질문에 ""단기간 모든 문제 해결 불가""",부정
연합뉴스,"""2024년 세계 전기차 판매량 폭스바겐이 테슬라 추월 전망""",중립
연합뉴스,"미, '中배터리' 전기차는 세액공제 제외..자국산 우선(종합)",부정
뉴시스,'2030' 전기차에 꽂히다…전기차 패권 경쟁 본격화,중립
조선일보,"전기차 보조금, 13개 도시선 동나.. 출고 1년 기다리고도 못받았다",부정
프레시안,"중국, 스마트 전기차 법제 정비 나선 이유는?",중립
뉴시스,"美 전기차 보조금 변경, 글로벌 완성차 업체들도 '분주'",중립
연합뉴스,'대기오염 최악' 인도에 2륜·3륜 전기차 전성시대 열리나,중립
조선비즈,뜨거워진 전기차 충전 경쟁… 현대차·BMW에 GS·SK·LG도 가세,중립
연합뉴스,"""미국 전기차 구매·유지비용, 휘발유차보다 저렴""",긍정
경향신문,'전기차 대전' 도로 달군다,긍정
JIBS,"[자막뉴스] 1,000도 순식간...전기차 화재나면 수조에 담근다",부정
매일경제,[단독] 전기차 보조금 설득 협공…정부·국회 협상팀 4일 미국 간다,중립
전자신문,대기업 전기차 충전 콜센터 휴일 '먹통'..반쪽운영 논란,부정
연합뉴스,"미쓰비시, '전기차 허브' 노리는 인도네시아에 9천억 추가 투자",긍정
머니투데이,초급속 충전에 승차감 굿..GV70 전기차 '이것' 빼고 다 좋네[차알못시승기],중립
뉴시스,전기차 사용후배터리 산업 규제 혁파..2300억 규모 기업 투자 촉진,긍정
동아일보,"전기차 원페달 드라이빙, 사고유발 논란…‘안전한 활용법’ 정보제공해야",부정
한국경제,"""대세는 전기차다""…車 엔진 만들던 부품사들 '대변신' [車 한파 온다(하)]",긍정
JTBC,'LA오토쇼' 흔든 전기차 열풍…'한국산'도 이목집중,긍정
매일경제,"[단독] 커지는 '차이나 파워'..중국산 전기차 보조금 비중, 미국산 첫 추월",중립
한국경제,"""전기차 배터리 한 번 바꾸는데 2000만원…재활용시장 급성장할 것""",중립
뉴시스,"美 전기차 보조금 중단..""정부 나서 유예기간 요청해야""",부정
연합뉴스,"GGM, 내년 전기차 생산 설비 구축…2024년 양산 돌입",중립
문화일보,중국 질주에 미·유럽 '보조금 브레이크'.. 전기차 東西냉전,부정
동아사이언스,"[프리미엄 리포트] 전기차 딜레마 불 붙는 배터리 ""걷잡을 수 없다""",부정
SBS,쏟아지는 전기차..충전소 사각지대는 여전했다,중립
IT동아,"정부, 미래차 규제 혁신..주유기 옆 전기차 충전기 설치 등 허용",긍정
매일경제,"“왜 전기차 사서 고생”…가격·AS도 비교불가, 3000만원대 HV 제왕 [카슐랭]",부정
연합뉴스,전기차 충전시설 단계별 안전관리 개선안 만든다,중립
연합뉴스,"현대차 ""2030년까지 제네시스 등 전기차 17종으로 늘릴 것""",중립
문화일보,또 전기차 보조금 축소… 구매위축 우려,부정
KBS,‘원인 미상’ 전기차 배터리 화재…“과충전 등 주의”,부정
머니투데이,불붙는 '태양광 전기차' 시장..2025년 4천만원대 나온다,긍정
경향신문,제로백 ‘3초대’ 전기차…엄청난데?,긍정
연합뉴스,"전기차 시장 선도하는 중국..""올해 예상 판매량 600만대""",긍정
연합뉴스,"美·EU ""전기차 보조금 TF 논의 초기 진전…건설적 해결 약속""",긍정
뉴시스,"GM, 한국에서 전기차 생산 안하겠다는 이유는?",중립
한국경제,기아 EV9·벤츠 EQS…전기차도 '덩치 싸움',중립
오토타임즈,"[하이빔]전기차, 충전도 고를 수 있어야",중립
지디넷코리아,전기차 대세론에도 잘 팔리는 하이브리드車…왜?,중립
뉴시스,韓 전기차 배터리 '질주'…中·日 협공에 주춤하나,중립
머니투데이,"""중국車 누가 타냐고?""…테슬라 앞지른 판매량, '진격의 전기차'[차이나는 중국]",긍정
연합뉴스,[美선거 D-30] ③ 한국산 전기차 차별논란 해소될까..북한 변수는,중립
동아일보,"""전기차 보조금 해결위한 對美협상, 반도체-배터리와 연계할수도""",중립
아이뉴스24,[시승기] 하이브리드 노하우 그대로..렉서스 첫 전기차 'UX 300e',중립
중앙일보,IRA 후폭풍 덮쳤다..현대차·기아 미국서 전기차 판매량 '뚝',부정
동아일보,"""내연기관의 감성과 소리를 간직한 순수 전기차""",중립
경향신문,미 상원 '한국 전기차도 2025년 말까지 보조금 지급' 법안 발의,긍정
한국경제,"""날렵한 외모에 반했다""…벤츠 전기차 '끝판왕' EQS 450+ [신차털기]",긍정
연합뉴스,국산 전기차 10만시대 열렸다…완성차 5개사 판매 첫 돌파,긍정
뉴시스,서울 전기차 등록대수 7만대 돌파…온실가스 감축 기대,긍정
조선일보,전기차 공장 못 짓게 하는 기아 노조의 기상천외 주장,부정
국제신문,"한국 전기차 수출, 독일·미국·중국에 이어 '세계 4위'",긍정
연합뉴스,"중국 토종전기차, 테슬라 추격전..코로나 악화에도 공장 신설",중립
뉴시스,"한국타이어 vs 금호타이어, 전기차용 타이어 경쟁 본격화",중립
파이낸셜뉴스,전기차 버블 꺼졌나… 주가 줄줄이 폭락,부정
동아일보,"바이든, 공화당 IRA 개정 제동… 韓 전기차보조금 해결 어려워져",부정
연합뉴스,"바이든, 조지아주 현대 전기차공장 기공식에 ""미국 경제에 기여""",긍정
뉴시스,"""미 기후법 통과로 지원금 늘지만 전기차 여전히 비싸""",중립
SBS Biz,[단독] 1년 걸린다고? '택배용 전기차' 출고 앞당긴다,긍정
전자신문,[르포]전기차 강국 덴마크를 가다,중립
연합뉴스,"일본 닛산도 ""美 IRA 전기차 보조금 규정 유예기간 달라""",중립
JTBC,"미 '전기차 보조금 삭감'에..""국내 테슬라 보조금 끊어야"" 주장도",부정
매일경제,아우디의 쉼없는 전기차 전략 … 한국 제대로 홀렸다,긍정
세계일보,전기차 특유의 이질감 확 줄인 폭스바겐 첫 전기 SUV ID.4,긍정
YTN,전기차 충전 오류 없앤다...'국제 표준' 작업 착수,긍정
경향신문,"'아반떼' 가격의 전기차, 언제 나올까",중립
연합뉴스,"""日정부, 美인플레법 혜택 전기차 요건 완화 美정부에 제안키로""",중립
중앙일보,[신경진의 차이나는 차이나] 中 전기차 굴기..배후엔 700만대 실시간 '빅데이터',중립
머니투데이,'車 산업의 애플' 기대감 무너진 테슬라...전기차 독주 흔들린다,부정
경향신문,"전기차 무선 충전 시대, 어떤 모습일까",중립
연합뉴스,"중국 CATL, 갈아끼는 전기차 배터리 사업 개시",중립
머니투데이,"""하이브리드차보다 전기차가 더 팔렸다""..사상 첫 내수 추월",긍정
연합뉴스,"이재명 ""특별협상단 파견해 '전기차 패싱' 수습책 마련해야""",중립
국제신문,車 생산·수출·내수 '트리플 증가'..전기차 판매 급증,긍정
머니투데이,"바이든, 이래서 인플레법 강행했나..미국산 전기차 호적수, '한국산'",부정
세계일보,美·EU “전기차 보조금 논의…건설적 해결 약속”,긍정
전자신문,"수입 전기차, 테슬라 빼고 질주",긍정
뉴시스,"""전기차 배터리·플라스틱 재사용 활성화""..규제 확 푼다",긍정
뉴시스,"GGM ""내년 전기차 기반 구축, 2024년부터 생산""",중립
조선비즈,"中 전기차 BYD, 한국 진출 임박… 사무소 열고 딜러사 물색",중립
KBS,"전기차 '판 갈겠다'는 바이든, '동맹'도 뒷전인 이유는?",부정
연합뉴스,"여한구 前통상본부장 ""IRA 통과 前 전기차 투자업체에 혜택줘야""",중립
MBC,테슬라 급발진 의심 사고 잇따라‥중국 전기차 1위 '흔들',부정
매일경제,“한국인은 호구?”…중국에선 韓 반값에 파는 이 전기차[위클리 기사단],부정
뉴시스,"'e-트론' 앞세운 아우디…""韓 수입 전기차 이끌 것""",긍정
비즈워치,"현대차그룹, 전기차에 온돌 시스템 장착하는 이유",중립
머니투데이,"韓보다 1000만원 더 싸…벤츠 전기차, 中서 4400만원 '굴욕 세일'",부정
뉴시스,"""세계 車시장 위축에도 전기차는 '쑥쑥'..韓 수출 4위""",긍정
뉴시스,전기차 충전시설 사고 막는다…제조·설치·운영 단계별 안전 강화,긍정
매일경제,"[시승기] 폭스바겐, ID.3 건너뛰고 'ID.4'로 韓 전기차 시장 '도전'",중립
연합뉴스,"EU, 美 자국산 전기차 우선 지원법에 ""WTO 위반""",부정
JTBC,대통령 공약 파기?..내달부터 '전기차 충전' 요금도 오른다,부정
뉴시스,"13조 투자 약속했는데..정의선, 美전기차 보조금 삭감에 긴급 방미",부정
머니투데이,전기차 충전료 올린다더니 아직 그대로..왜?,중립
연합뉴스,"현대 美전기차 조지아 공장, IRA 파고 속 예정대로 25일 착공식",중립
세계일보,"[단독] 아우디 전기차 'e트론' 배터리 문제로 '주행불가'라는데.. 서비스센터는 ""수리 불가""",부정
연합뉴스,"현대차·기아, 유럽서 전기차 누적판매 20만대 연이어 돌파",긍정
조선비즈,"""보조금 끊기면 재고 전락"".. 푸조, 전기차 대규모 할인",부정
매일경제,"美 월저널 ""한국인, 바이든에 실망..美 투자에도 전기차 차별""",부정
한국경제,"""테슬라 잡는다"" BMW, 헝가리 전기차 공장 투자규모 2배 늘려",긍정
노컷뉴스,"전기차 30만대 돌파…제주, 사람보다 자동차가 더 많아",중립
중앙일보,버핏에 수익률 2000% 안겼다..테슬라 쫓는 전기차 2위 업체,긍정
YTN,'인플레법' 한국 전기차 차별 조항 고칠 수 있나?,중립
머니투데이,한국산 전기차 美 '수출 전선' 먹구름에..철강업계도 '촉각',부정
뉴시스,"현대차·기아, IRA 타격이 현실로..전기차 '판매 감소'",부정
전주MBC,"""중국산 전기차 재조립"".. 이게 '군산형 일자리'?",부정
한국경제,진화하는 전기차..연말까지 기대작 쏟아진다,긍정
채널A,또 전기차 사망…불 끄는데 2시간,부정
IT동아,불편한 전기차 충전..태양광 기술로 개선한다,중립
뉴시스,"美, 상업용 한국 전기차 세액공제…""우리 정부 요구 반영""",중립
연합뉴스,中 전기차 1위 비야디의 역주행…美 테슬라와 달리 가격 인상,중립
문화일보,<오후여담>페라리 전기차,중립
동아일보,"美 전기차 보조금법 개정, 중간선거 前 쉽지 않을듯",부정
뉴시스,"서울대공원 등 주차장에 '전기차 충전기'…""200기 이상""",긍정
파이낸셜뉴스,"이재용, BMW 회장 만나 '전기차' 협력 강화 논의",긍정
KBS,전기차 화재 느는데…진화장비 보급 저조,부정
파이낸셜뉴스,美 한국산 전기차 보조금 혜택 제외.. 양국 무역 마찰 우려,부정
문화일보,[단독] 노들섬 ‘전기차 경주대회’ 추진…생태 훼손 우려도,중립
뉴시스,베트남·대만·인도 업체들…글로벌 전기차에 '도전장',중립
연합뉴스,전기차 무선충전 이르면 내달 도입…스마트폰 IoT 규제도 푼다,긍정
국민일보,"[Car스텔라] ""실용보다 체면"".. 한국서 맥 못추는 초소형 전기차",부정
한겨레,미 IRA 대응? 수입 전기차 직영 A/S센터 없으면 보조금 깎는다,부정
시사저널,[이주의 법안] “충전 줄에 손도 안 닿아”…장애인 ‘전기차 장벽’ 없앨 방법은?,중립
중앙일보,"고금리, 보조금 중단에 전기차 고공행진 ‘멈칫’하나",부정
국민일보,"기초체력 키운 중국 전기차, 세계시장 공략 ‘본색’",긍정
아이뉴스24,"현대차·기아, 美 IRA에도 전기차 성장 스토리 이상 無",중립
연합뉴스,"현대 美전기차 조지아 공장, IRA 파고 속 예정대로 25일 착공식(종합)",중립
쿠키뉴스,고유가 시대 쏟아지는 전기차..하반기 경쟁 후끈,긍정
조선일보,전기차 저렴하게 ‘구독’하세요… 대신 배터리는 찾아갈게요,중립
연합뉴스,미 인플레 감축법안에 전기차 세액공제 등 수혜 전망,긍정
연합뉴스,"'중국사업 고전' 베이징현대 1.2조원 증자..""전기차 투자""",부정
머니투데이,"""전기차 美서 만들겠다""는 바이든..한국산 차별 진통 길어지나",부정
뉴시스,"""전기차 화재 잡는다""...제주소방본부, 실물 훈련 전개",중립
전자신문,"벤츠, '프리미엄 전기차' 왕좌 노린다",긍정
머니투데이,"외신들 '韓의 배신감' 전하지만..美선 ""전기차 문제? 곧 선거라..""",부정
노컷뉴스,"미국, 등 떠밀려 '전기차 차별' 협의체 구성했나?",부정
경향신문,"전기차 시대, 하이브리드를 건너뛸 수 없는 이유",중립
파이낸셜뉴스,물에 담가야 겨우 꺼지는 전기차 화재… 소방장비 태부족,부정
연합뉴스,[우크라 침공] 니켈 가격 폭등..전기차 시대 개막 차질 빚나,부정
동아일보,"볼보, XC90급 전기차 ‘EX90’ 공개… “바퀴 달린 컴퓨터 구현했다”",긍정
오토타임즈,자동차 도시 울산? 전기차 등록은 최저,부정
세계일보,한파가 더 불안한 전기차 운전자…주행가능거리 최대 30%가량 감소,부정
국민일보,‘전기차 과도기’ 틈타 질주하는 하이브리드차,부정
중앙일보,"모두 전기차 올인할 때..세계 1위 도요타는 다른 차 키운다, 왜",부정
세계일보,"바이든, '기후변화법안' 서명.. 韓 전기차 美 세금혜택 제외 '비상'",부정
머니투데이,"한국 전기차, 이 정도 일줄은..'세계 4위 수출' 기록 썼다",긍정
SBS,"'전기차 보조금', 우리도 손본다…테슬라 겨냥 IRA 맞불?",중립
조선비즈,주차장에 나타난 '전기 도둑'.. 전기차 충전소 부족에 공용콘센트 사용하는 '꼼수족',부정
뉴시스,"서울시, '전기차 주차요금 자동감면' 개발..'얌체족' 사라질까",중립
데일리안,中 재기 노리는 현대차..전기차 현지 생산 통할까,중립
동아일보,“전기차 인프라 시장 잡아라”… 무선-이동충전 앞다퉈 선보여,긍정
한국경제,비야디·CATL 앞세워 전기차·배터리 글로벌 주도권 노리는 중국,중립
연합뉴스,"""유럽 전기차 월간 판매량, 디젤차 첫 추월""",중립
국민일보,“전기차 100% 전환 가능?”… 회의론자들의 답변은,부정
한국경제,"""전기차 기업 생사 달렸다""…정부, 美 IRA '운명의 2주' 총력전",부정
아레나,아파트와 전기차는 공생할 수 있나?,중립
아이뉴스24,"판 커진 한국 전기차 시장..올 가을, 국내 전기차 신차 대전 '후끈'",긍정
비즈워치,"현대차, 미국 전기차 공장 '첫삽' 의미는",중립
뉴시스,"산자위, 美 전기차 차별 금지 촉구 결의안 의결..""한미관계 악영향""",부정
SBS Biz,한국산 전기차도 '리스' 등 상업용은 美 인플레법 보조금 혜택,중립
MBC,"""도움되길 바란다""‥동맹 달래기 나선 미국, 상업용 전기차 보조금 혜택 포함",긍정
파이낸셜뉴스,"""전기차 배터리 가격 당분간 안 떨어진다"" 포드 CEO",부정
머니투데이,"""더이상 '전기차=테슬라' 아냐""…위기 테슬라, 해외선 어떻게 보나",부정
한국경제,"""아파트에 전기차 충전기 설치하긴 했는데…"" 한숨 내쉰 이유 [전기차 30만 시대(2)]",부정
연합뉴스,"중국 전기차 선두 비야디, 올해 누적 판매량 100만대 돌파",긍정
연합뉴스,"美상원, 중국산 배터리·핵심광물 탑재 전기차 세액공제 배제",부정
매일경제,“전기차 탈없이 타려면 ‘바퀴궁합’ 따져야”…‘대세예감’ 한국타이어 아이온,중립
조선일보,한국은 글로벌 전기차 호구,부정
MBC,전기차 '10만 대 클럽' 합류했지만..보조금은 줄어,부정
머니투데이,IRA 후 쏟아지는 美 전기차 투자..K배터리 수혜 커진다,긍정
뉴시스,"국내 전기차 10만대 돌파 속 ""기여금이 '희비' 가른다""",중립
국민일보,"‘전기차 대세’ 전환 과도기, 하이브리드차가 내달린다",중립
경향신문,한국산 전기차도 ‘리스 차량’은 IRA 보조금 받는다,긍정
SBS Biz,테슬라 '철옹성' 점유율 저가 전기차에 균열,부정
중앙일보,"고유가에 날개 단 전기차, 판매량 역대 최대",긍정
뉴시스,테슬라 왜 이러나…국내 전기차 관련주 모두 '울상',부정
연합뉴스,'춘추전국시대' 국내 수입전기차 시장..테슬라 쫓는 유럽 브랜드,중립
뉴시스,"日 도요타, 전기차 전용 생산라인 자국 내 설치 검토",중립
중앙일보,"BMW 회장 다시 만난 이재용, 전기차 동맹 다졌다",긍정
연합뉴스,"중국 전기차 업계, 반도체 이은 배터리 공급난에 생산 차질",부정
매일경제,"""괜히 전기차 샀다. 고향길=고생길""..'충전고통' 없는 혼다 어코드HV [카슐랭]",부정
조선비즈,수입전기차 잘 나가는데… 전동화 더딘 ‘르쌍쉐’는 존재감 없어,부정
조선일보,"내년부터 들어오는 中전기차, 보조금 대폭 삭감될듯",부정
한국경제,"日, 전기차 점유율 2%로 추락…하이브리드 고집 '뼈아픈 패착'",부정
조선비즈,"직영 서비스센터 없는 전기차, 내년부터 보조금 삭감",부정
동아일보,"""美 전기차 보조금 받자"".. 獨총리가 직접 뛰고, 日은 美투자 확대",중립
연합뉴스,"중국 전기차 스타트업, 유럽 공략 가속..샤오펑 'P5' 세단 수출",중립
동아일보,"한미, '전기차 보조금 협의체' 구성 합의",긍정
중앙일보,젠틀 미소로 韓전기차 뒤통수..바이든은 '공손한 트럼프'였다 [박현영의 워싱턴 살롱],부정
연합뉴스,美 전기차 세금혜택 한국차 모두 제외..국내업체 '발등의 불',부정
SBS Biz,"도요타 CEO ""전기차는 하나의 선택지…정답 아직 불분명""",중립
경향신문,"자동차연구원 “인도네시아·태국, 전기차 생산에 적극 활용해야”",중립
연합뉴스,"""작년 세계 전기차 판매량 450만대..두배 이상 급증""",긍정
전자신문,"美·中, 전기차 시장 양강 구도…존재감 없는 韓",부정
조선일보,‘리스·렌트용’ 한국전기차는 美보조금 받는다,긍정
머니투데이,"""美 전기차 보조금 차별, 문제있다""…韓 이어 日도 공식서한 제출",부정
연합뉴스,"미 ""EU와 전기차 세액공제안 계속 논의""..한미도 곧 실무협의",중립
동아일보,"韓, '전기차 보조금' 문제 제기에.. 美 ""뜻밖이다, 영향 분석중""",중립
KBS,"전기차 천국 제주, 특수 화재 진압 장비 도입",중립
비즈워치,선택지 넓어진 전기차..세단·SUV·럭셔리까지,긍정
뉴시스,"혼다, 한국기업과 손잡고 美전기차 시장 노려..EV 배터리 수조원 투자",긍정
중앙일보,내년 신차 출시 라인업은?…SUV·전기차로 대세 몰이,중립
뉴시스,中봉쇄 해제 기대감에...개미들 '전기차 ETF' 담는다,긍정
조선비즈,"전기차 보험료, 평균 100만원 육박.. ""수리비 비싸고 사고 많아""",부정
뉴시스,"美 '전기차 차별법' 개정 물거품?..정부 ""기존 협의 상황 여전""",부정
매일경제,"테슬라 값질, '5999만원 꼼수' 덕분..전기차 대세, 5490만원 [세상만車]",중립
연합뉴스,"""아무리 뿌려도 안꺼지는 전기차 불""…두시간 넘게 지속",부정
연합뉴스,테슬라 3분기 매출 '어닝 미스'..전기차 인도량 목표 낮춰(종합2보),부정
연합뉴스,"EU도 美인플레법에 반발…""유럽 전기차, 북미산 동등 대우해야""",중립
데일리안,“테슬라 비켜” 전기차 대중화로 1위 노리는 GM,긍정
연합뉴스,"미·EU, 인플레법 전기차 보조금 협의 TF 공식 발족",중립
YTN,"美 ""상업용 전기차도 보조금 대상""...로이터 ""한국의 승리""",긍정
연합뉴스,"한미협력으로 첫삽 뜬 현대 전기차공장..""한국은 신뢰할 파트너""",긍정
경향신문,"미국 IRA에 대응하나···환경부, 수입전기차 보조금 깎는 개편안 추진",부정
연합뉴스,"신차 이어 중고 전기차도 인기..등록하면 팔리고, 가격 오르고",긍정
경향신문,"국내 전기차 판매량, 하이브리드차 사상 첫 추월",긍정
국민일보,국산 전기차 내수 판매 질주… 올해 처음 10만대 넘어섰다,긍정
지디넷코리아,"폭스콘, 사우디 국부펀드와 손잡고 전기차 만든다",중립
지디넷코리아,"美 인플레이션 감축법, 전기차 시장에도 '칼바람'",부정
뉴시스,"獨, 3년간 8.83조원 투입해 전기차 중전망 대대적 확장",긍정
세계일보,[설왕설래] 전기차 '배터리 대란',부정
머니투데이,"'매년 10만개' 전기차 폐배터리 어디다 쓰나..""기준이 없어요""",부정
경향신문,숨통 트인 현대차···IRA “리스 전기차도 보조금 준다”,긍정
머니투데이,"아이폰의 폭스콘, '전기차' 업계 TSMC가 될 수 있을까",중립
뉴시스,"""전기차 충전에 걸리는 시간 아이폰보다 빨라진다"" WSJ",긍정
비즈워치,전기차 무선충전 시대 도래한다,긍정
채널A,"[단독]미 의회서도 ""한국 전기차 차별 바로잡을 것""",긍정
조선일보,2700만원 싼 '보급형 전기차' 나온다,긍정
아이뉴스24,전기차 충전기 통신방식 표준화한다,중립
한국경제,렉서스 첫 전기차·PHEV 한국 출시,중립
뉴시스,"인천·제주, 전기차 보급 우수 지자체로 선정…장관 표창",긍정
뉴시스,"""전기차, 직영 AS센터 있어야 보조금""…개편안 의견수렴",중립
뉴시스,"전경련 ""전기차 시대..인도네시아, 아세안 최상 협력 파트너""",긍정
한국경제,"현대차, IRA 걱정 덜었다…'리스 전기차'에는 보조금 지급",긍정
YTN,북미시장 '한국산 전기차' 고전...IRA 돌파구 시급,부정
SBS Biz,美 전기차 공장서 제네시스·현대·기아차 함께 만든다,중립
비즈워치,전기차 다이어트 시키는 두산 PFC 뭐길래,중립
머니투데이,中 폭발적 전기차 수요..8월만 66만대 넘게 팔려 '역대 최다',긍정
뉴시스,"하이브리드, ""전기차에 자리 내준다 vs 아직은 건재""",중립
조선비즈,"아웃렛 화재 원인 전기차 아니라지만.. ""아파트 주차장도 대비해야""",부정
오토타임즈,"택시 요금, 전기차라고 비싸도 될까?",부정
데일리안,IRA로 새국면 맞은 전기차 레이스..현대차 위상 달라질까,중립
머니투데이,"""사람만 인생 2모작 하나요""..죽어도 살아나는 전기차 배터리",긍정
MBC,속수무책 전기차 화재..대책은?,부정
문화일보,<오후여담>전기차 전비(電費),중립
뉴시스,"바이든 ""전기차 미국 내 생산"" 재차 강조..한·미 협상 장기화하나(종합)",중립
매일경제,팽창하는 전기차 시장…인프라·배터리·데이터로 맞춤정비 나선다,중립
매일경제,전기차 맞아? 車안서 문서 작업해도 멀미 안나네,긍정
조선일보,"정의선의 첫 공장, 현대차그룹 미국 전기차 공장 첫 삽 떴다",긍정
중앙일보,가격 20만원 비싸도…전기차 전용 타이어 시장도 가속도 낸다,긍정
연합뉴스,"韓, '전기차 차별' 해소방안 제안..美 ""가능한 모든 방안 살펴""(종합)",중립
IT동아,전기차 기계식 주차하려면..'이것' 꼭 확인해야,중립
연합뉴스,"전기차, 하이브리드차 넘을까..車업계 순수 전기차 출시 '박차'",긍정
매일경제,제주서 ‘전기차 규제’ 풀었더니 250억원 투자금 몰려,긍정
한국경제,전기차 바퀴는 특별하다고?..'전용 타이어' 경쟁 후끈,긍정
세계일보,美 “韓전기차도 ‘리스 차량’은 보조금” [뉴스 투데이],중립
중앙일보,"""전기차의 미래 보여줬다"" 중앙일보 '올해의 차'에 BMW iX",긍정
오토타임즈,[하이빔]국내 모든 차가 전기차로 바뀐다면,중립
연합뉴스,"테슬라, 태국 시장 진출…중국 전기차와 격돌",중립
매일경제,36분 충전해 400km 씽씽~ 전기차 같지 않아 더 끌리네 [시승기],긍정
매일경제,"""전비 높여라""..車업계, 전기차 '다이어트' 나섰다",부정
연합뉴스,[시승기] 북유럽 디자인 감성 담았다..스웨덴 전기차 폴스타 2,긍정
오토타임즈,"[하이빔]전기차 보조금 없앤 영국, 한국은?",중립
국민일보,"기초체력 키운 중국 전기차, 세계시장 공습 시작됐다",긍정
파이낸셜뉴스,[fn스트리트] 중국 전기차 BYD,중립
아이뉴스24,"이재용, BMW 회장 만났다…13년 이어온 '전기차 동맹' 강화",긍정
한국경제,"'전기차 비중 미달' 벌금 압박에..한국GM, 올 1000대 더 수입할 판",부정
뉴시스,"혼다, 韓기업과 손잡고 美전기차 시장 공략..배터리 생산 약 6조 투자(종합)",긍정
조선비즈,BMW 'i3′·벤츠 'EQC'.. 단종하는 1세대 전기차,부정
뉴시스,"블링컨 美국무 ""IRA 유럽 우려 들어…TTC서 전기차 등 논의""",중립
매일경제,"""착해서 샀는데, 뒤통수 때린 전기차""..'석탄차' 변질, 다시 살맛나려면 [왜몰랐을카]",부정
국민일보,머스크 콧대도 꺾은 중국 전기차… ‘중국차’ 빼고 쪼그라들었다,부정
뉴시스,국내 전기차 10대 중 9대 기계식 주차장 이용 못 해,부정
경향신문,늘어나는 억대 전기차 판매..전기차 시장도 양극화?,중립
연합뉴스,내년부터 국가·지자체·공공기관은 전기차·수소차만 구매,긍정
연합뉴스,중국 전기차 선두 비야디 판매량 두달 연속 20만대 돌파,긍정
오토타임즈,"지프, 4xe 데이에서 차세대 전기차 제품군 선봬",긍정
뉴시스,"서울 택배 화물차·배달오토바이, 모두 전기차로 바꾼다",긍정
연합뉴스,"BMW ""내연기관 종말 아니다..전기차 인프라 준비 안돼""",부정
뉴시스,[알아봅시다①]전기차 배터리 충전 시간은 왜 다를까?,중립
국민일보,"'하이브리드' 퇴출하는 유럽, 전기차 가속페달 밟나",중립
동아일보,부드럽고 묵직하게… ‘내연기관차 같은 전기차’,중립
연합뉴스,"중국 저가 전기차, 일본시장 높은 벽 뚫었다..""틈새전략 성공""",긍정
연합뉴스,"""바이든 전기차정책, 동맹만 배제..소비자·기후에도 비용될 것""",부정
뉴시스,[전기차 10만대 시대②]정부 '친환경차 보급 목표제'로 탄력받나,중립
오토타임즈,현대차그룹. 전기차 충돌 안전성 입증,긍정
조선비즈,소음 줄이고 내구성·전비 높여… 한국타이어 전기차 타이어 ‘아이온’,긍정
뉴시스,"기아 노사, 화성 전기차 전용공장 생산량 놓고 '신경전'",부정
조선비즈,"“전기차에 관심 많은 아세안, 생산·수출기지로 활용해야”",중립
뉴시스,"美 전기차 보조금 중단으로 고민 커진 현대차그룹, 해법은?",부정
중앙일보,"옐런 ""전기차 보조금, 한국 우려 알지만..법대로 시행""",중립
뉴시스,"대기업 '우후죽순'..전기차 충전 사업, LG도 가세",부정
한겨레,초비상 걸린 전기차..미 재무부 지침 마련 때가 '마지막 기회',부정
KBS,제주도 전기차 3만 시대…‘전기차 메카’ 위한 과제는?,중립
연합뉴스,"중국 3대 전기차 스타트업, 작년 판매 실적 '날개'",긍정
동아일보,전기차 주행 시에도 온실가스 배출? 친환경차 '전 과정 평가' 도입 검토,중립
노컷뉴스,[뒤끝작렬]전기차 불난 한국집에 기름 붓는 미국 장관들,부정
파이낸셜뉴스,"""전기차 시대? 멀었다"".. 내연차 포기 못하는 도요타·포드",부정
노컷뉴스,"美당국자 ""해리스, 전기차 협상차 한덕수 만난게 아냐""",중립
파이낸셜뉴스,"전기차 전환 속도내는 포드, 3000명 줄인다",부정
아이뉴스24,"美 전기차 지원법 한국산 모두 제외 '비상'..업계, 총력 대응전",부정
YTN,상반기 전기차 판매 2위였는데..'美 우선주의' 암초,부정
조선비즈,"""투자금 확보에 유리"".. 포드 이어 르노도 전기차 분사",긍정
MBC,[뉴스 속 경제] 전기차 산업 누가 주도하나?,중립
데일리안,'11만대' 인기모델 그랜저도 전기차 시대엔 사라진다,부정
한겨레,전기차 따로 떼내면 테슬라 따라잡을까,중립
중앙일보,"韓 ""협의체 구성 합의""에 美는 묘한 발표..전기차 갈등 온도차",부정
뉴시스,2030년 전기차 330만대 생산..5년간 '95조+α' 투자 지원,긍정
연합뉴스,인플레법 우려 현실됐다..현대차그룹 美 전기차 판매 크게 감소(종합),부정
매일경제,"테슬라 11%↓ ‘전기차 쇼크’…투자자들, 뉴욕증시 하락베팅↑ [월가월부]",부정
한국경제TV,전기차 시대 가로막는 '손톱 밑 가시',부정
한국경제,전기차·캠핑카에 밀려..갈수록 '주차 대란',부정
한국경제,테슬라 부진에 웃을 전기차 유망주…팁랭크 3곳 꼽았다,중립
지디넷코리아,"美, 주간 고속도로에 전기차 충전소..""80km마다 설치""",중립
헬스조선,전기차 불이 난 순간… 지하주차장은 '죽음의 방',부정
KBS,"[같이경제] 전기차 시대, 대구·경북에 기회?",중립
조선일보,"전기차, 시골길서 만나면 무조건 피하세요",부정
한국경제,내년 전기차 시장 주도할 업체는…테슬라?! 리비안?! [서기열의 실리콘밸리나우],중립
동아일보,"[사설]해외선 차별받고, 국내선 외국차 보조금에 우는 韓 전기차",부정
매일경제,"‘하극상’ 독일차, 테슬라보다 3500만원 싸네…전기차도 갓심비[카슐랭]",중립
중앙일보,"다들 전기차 올인하는데, 도요타는 '양손잡이 전략' 왜",중립
뉴시스,"정의선 회장, ""전기차 현안 챙긴다""…글로벌 '현장경영'",긍정
머니투데이,전기차 배터리 원료도 MADA IN AMERICA,긍정
연합뉴스TV,학교 안팎 전기차 충전소..어린이보호 '사각' 우려,부정
KBS,불나면 속수무책..전기차 화재 대책 마련 고심,부정
디지털타임스,5500만원 커트라인 지키던 수입 전기차… 내년에는 선 넘는다,부정
뉴시스,"中, 15개 첨단 품목 점유율 1위…전기차 관련 韓 격차 벌려",부정
뉴시스,"현대차그룹, 배터리 글로벌 공급망 강화…전기차 가속 페달",긍정
매일경제,이젠 포르쉐 잡겠다…화끈하니 확 끌려 '세상에 없던' 전기차 [왜몰랐을카],긍정
동아일보,"""현대차에도 전기차 보조금"" 美상원 의원 법안 발의",중립
뉴시스,"네이버, 韓 인터넷 기업 최초 'EV100' 가입..""2030년까지 전기차 전환""",긍정
문화일보,'電 의 전쟁'.. 하반기 국산-수입 전기차 출시 각축전,중립
문화일보,中 전기차 배터리 공급망 막고 美 일자리 창출 ..지지층 결집 노림수,부정
오토타임즈,"[하이빔]전기차 배터리, 진짜 분리와 유사 분리",중립
파이낸셜뉴스,전기차의 애환을 아십니까..충전구역 부족한데 '14시간 주차 빌런'에 속앓이,부정
SBS Biz,북미 전기차 급한 불 못 끈다..'보조금 리스크' 여전,부정
뉴시스,GM·지프도 '전기차' 출사표..美 전기차 '대격전',중립
연합뉴스,[시승기] 렉서스의 첫 전동화 모델..조용하고 강한 전기차 'UX 300e',긍정
뉴시스,"G20정상회의 전기차 경쟁 한·중·일 삼국지..""현대차 선두, 중·일 추격""",중립
중앙일보,가격 10~20% 더 비싼데…전기차 전용 타이어 쑥쑥 큰다,중립
뉴시스,겨울철 전기차 배터리 사수하라…주행거리·난방 '뚝뚝'[알아봅시다],부정
연합뉴스,"스텔란티스 CEO ""전기차 원자재 2027∼2028년까지 부족할듯""",부정
뉴시스,"통상본부장 ""美 USTR과 전기차 보조금 해결 협의 채널 개시""",중립
연합뉴스,"정의선, 인니 공장 준공식 참석..조코위 만나 전기차 논의하나",중립
스포츠동아,"상반기 전기차 보조금, 미국차가 절반 가져갔다",부정
조선비즈,[시승기] 급가속·급정거 없는 아우디 전기차 ‘Q4 e-트론’,중립
MBC,"""미국 전기차 규정, 유연 적용 가능성""",중립
국민일보,"일본 '전기차의 갈라파고스' 되나.. 뒤늦게 진입, 인프라 격차",부정
중앙일보,EU·일본도 미 전기차 보조금 항의,부정
연합뉴스,국내기업도 美인플레감축법 혜택..태양광 수혜·전기차-배터리 희비,중립
매일경제,"“주유비보다 충전비 비싸졌다”…전기차, 전기료 급등에 유럽서 위기",부정
경향신문,유럽 ‘주유보다 충전이 비싼데?’…전기료 급등시 전기차 미래는,부정
한국경제,전기차 전환 못 따라가는 부품社..2030년까지 500곳 사라질 수도,부정
매일경제,"""싸구려 전기차 만들 시간 없어""..머스크 입에 이 회사가 떴다 [위클리기사단]",부정
한국경제,"역대급 태풍 '힌남노' 온다는데..""전기차 운전 괜찮을까요?""",중립
중앙일보,"""반값 전기차 만들자"" GM·혼다, 코드 꽂았다",긍정
매일경제,소음없이 부드러운 주행 '일품'..럭셔리 세단 전기차 끝판왕,긍정
머니투데이,"韓통상장관 美급파..""전기차 보조금 차별, 해결은 11월 이후""",중립
뉴시스,"고속도로 '전기차 충전소' 몇개?..소프트베리, 현황 공개",중립
아레나,LG는 왜 전기차를 안 만드나?,중립
지디넷코리아,"""中 BYD 성장 사례, 전기차 대중화 시대 여는 동력""",긍정
머니투데이,"""테슬라, 한국에 전기차 공장 협의 중""…정부, 투자유치 총력",긍정
노컷뉴스,"바이든, 현대 美전기차 공장 기공을 '치적'으로 홍보",긍정
뉴시스,"美 한국산 전기차 차별, 상업용 요건 완화·법 개정으로 돌파구",중립
뉴시스,"'테슬라 뛰어넘자'..GM-포드, 전기차 우위 경쟁 심화",부정
뉴시스,전기차 시장 두배로 커졌다..테슬라 독주 속 中 급성장(종합),긍정
조선일보,"전기차·배터리 업계, 서로 ""차 팔아도 남는 게 없다""",부정
노컷뉴스,"미국정부 ""韓 전기차 문제, 딱히 해결책 없다""",부정
일간스포츠,급성장 전기차..결함도 덩달아 '폭증',부정
연합뉴스,"윤석열 ""주유소·LPG충전소 내 전기차 충전 인프라 확대""",중립
한국경제,삼양사의 깨어난 공격본능..전기차 소재로 북미 뚫는다,긍정
매일경제,"‘美IRA 주도’ 맨친, 韓요구 거부...“리스·공유 전기차엔 보조금 불가”",부정
연합뉴스,"이재명 ""특별협상단 파견해 '전기차 패싱' 수습책 마련해야""(종합)",부정
연합뉴스,"""전기차 충전, 5년 뒤 아이폰보다 빨라진다""",긍정
연합뉴스,"현대차, 인도네시아서 전기차 판매 본격화..5월 점유율 98%",긍정
연합뉴스,"'디폴트' 헝다, 첫 전기차 판매 개시",중립
조선비즈,전기차 전력으로 호텔도 운영.. 주목받는 V2L 기술,긍정
노컷뉴스,G20 개최지 발리에서 불붙은 한중일 전기차 대전,중립
KBS,전기차 느는데..충전소 화재 안전 시설은?,부정
전자신문,중국 '끌고' 유럽 '밀고'..세계 전기차 '電力질주',긍정
오마이뉴스,전기차 충전 난민들... 고속도로 휴게소에 무슨 일이? [고속도로 휴게소 이야기],부정
경향신문,"바이든, 조지아주 현대 전기차 공장 기공식에 “내 경제 정책 성과, 빨리 이뤄져 기뻐”",긍정
중앙일보,정의선 “최고 전기차 생산시설로” 바이든 “경제정책 성과”,중립
조선비즈,[시승기] 삼성 사장단이 선택한 BMW 전기차 ‘i7′,중립
연합뉴스,일본 수입 전기차 판매량 3배로 급증..틈새시장 벗어날까,긍정
뉴시스,[시승기]전기차 보조금 없어도 자신있다…아우디 'Q4 e-트론',중립
조선일보,"""중국 배터리 빼야 보조금 주겠다"".. 미국發 전기차 쇼크",부정
연합뉴스,양자 협의 조기가동·다자 공조강화..정부 '전기차 차별' 총력전,부정
연합뉴스,IRA 이후 10월 美 전기차 판매 현대차 21%↑…기아는 17.6%↓,중립
머니투데이,"대전 현대아울렛 화재에 전기차 또 '누명'..""진짜 위험한가요?""",부정
연합뉴스,"美 전기차 보조금 의견수렴 착수..車업계, 현실적 대안에 촉각",중립
조선비즈,"“7년 내 6배 성장”… LG, 전기차 충전사업 박차",긍정
동아일보,"GM 2인자, 한국GM의 전기차 생산기지 가능성 시사",긍정
동아일보,韓전기차 美 판매 '비상'.. 보조금 1000만원 끊겼다,부정
한국경제,'디젤 일변도'였던 폭스바겐도 한국서 전기차 잇따라 출시,중립
JTBC,"보조금 끊긴 한국산 전기차..미 공장 가보니 ""불공평..대안 필요""",부정
한국경제,불나면 갇혀 죽는다?..'전기차 화재 공포' 진짜일까 [노정동의 선넘는 차(車) 이야기],부정
매경이코노미,"다크호스 전기차..'4000만 원대' 수입차, 폴스타2",중립
지디넷코리아,전기차·수소차 고속도로 통행료 할인 2024년까지 연장,긍정
파이낸셜뉴스,연초 대비 -68%는 기본...테슬라 등 전기차 주가 버블 붕괴됐다,부정
연합뉴스,中 전기차 선두 비야디 글로벌 자동차업계 시총 3위 복귀(종합),긍정
매일경제,"현대차 노조 맞아?..""美서 전기차 생산 반대 안해"", 내건 조건은",중립
쿠키뉴스,안심하고 타도 될까..우려 커지는 전기차 화재,부정
비즈워치,[영상]전기차 배터리시장 미래 그린다(feat. SK온),긍정
연합뉴스,전기차 선도하는 현대차그룹..정의선 '퍼스트무버' 전략 통했다,긍정
한국경제,"폭스바겐, CES서 베일에 싸인 '새 전기차' 공개한다",중립
한국경제,[취재수첩] 거꾸로 가는 한국 전기차 보조금,부정
MBC,미국서 한국산 전기차도 '리스 차량'은 보조금,중립
연합뉴스,"EV6, 독일 車전문지 전기차 비교평가서 폭스바겐 제쳐",긍정
지디넷코리아,"테슬라, 中서 전기차 9% 인하..다른 지역은?",중립
전자신문,[신차드라이브] “슈퍼카 비켜”...기아 고성능 전기차 'EV6 GT',긍정
KBS,"전기차 화재, 어떻게 끄나?…강원소방 진압 실험",부정
한국경제,"""전기차 충전비가 기름값보다 비싸다""…유럽 시장에 '찬물'",부정
한국경제TV,"테슬라 제친 비야디, 세계최대 전기차업체 등극",긍정
쿠키뉴스,벤츠가 만들면 다르다..E클래스 전기차 버전[타봤더니],긍정
MBC,"""미국 전기차 원산지 규정, 유연 적용 가능성""",중립
연합뉴스,"EU, '전기차 세액공제 제외' 美인플레법에 ""타협안 도출 기대""",중립
머니투데이,"中에선 적수가 없다…10월 BYD 전기차, 테슬라보다 3배 더 팔려",긍정
매일경제,“하루 1억씩 달라고요?”…中 ‘전기차 굴기’에 운반선 운임 10배,부정
연합뉴스,"""미국 수소.전기차 공격적 투자, 강력한 한미협력 긴요""",중립
매일경제,"""몰랐다. 충전하려다 충격""..'아동착취' 전기차, 블록체인이 살맛나게 [왜몰랐을카]",부정
뉴시스,"""美中은 안주는데""..전기차 보조금 ""한국만 봉"" 목소리",부정
연합뉴스,"""전기차 시장 M&A 활발..핵심 부품인 리튬이온전지 관련 다수""",중립
매일경제,한발 물러선 美인플레법...韓전기차라도 ‘리스용’에는 보조금,중립
SBS Biz,헛도는 협상에 탈중국 난항..전기차 '첩첩산중',부정
매일경제,"""전기차 충전, 5년 뒤엔 아이폰보다 빨라진다""..美 기술개발",긍정
오토타임즈,"현대차그룹, 미국 전기차 전용공장 세운다",긍정
데일리안,'수소경제' 한풀 꺾이나..전기차에 밀린 넥쏘,부정
머니투데이,"""1550만원 받는데, 차가 안 나와요""..전기차 보조금 삭감?",부정
IT동아,"[시승기] 폭스바겐이 만든 첫 번째 전기차, ‘ID.4’",중립
뉴시스,"조오섭 ""더딘 휴게소 전기차 충전기 보급, 국민은 충전 난민 """,부정
연합뉴스,"""자동차보험, 전기차 중심으로 재편 검토해야""",중립
SBS,충전 중 전기차 화재에 심야 대피 소동…끄는 데 '8시간',부정
머니투데이,"""당분간 전기차 판매 줄어든다""..美서도 '인플레 감축법' 불만",부정
지디넷코리아,"""전기차 충전시설 기본요금 부과체계 개선해야""",중립
뉴시스,정전 중 전기차 배터리로 정관수술 성공한 의사..농담이 현실로!,중립
한국경제,"""ESS 통한 충전은 불법""..낡은 규제에 전기차 인프라 '방전 위기'",부정
머니투데이,"""전기차는 대용량 이동식 배터리"" 미래차 개념 바꾸는 V2L 기술",긍정
연합뉴스,"""높은 유가에 익숙해진 소비자, 전기차 관심 떨어져""",부정
매일경제,"정의선, 신동빈 손잡았다..전기차 충전사업 합작사 추진",긍정
연합뉴스,"현대차, 국내 첫 전기차공장으로 전동화 가속페달..퍼스트무버 탄력",긍정
한겨레,무거우면 주차도 못해..'전기차 다이어트' 경쟁,부정
전자신문,"국고보조금 받은 전기차 충전기, 관리는 소홀...출력 미달·결제 오류",부정
연합뉴스,"IEA ""韓 전기차 인프라 세계 최고..충전기 1대당 전기차 2.6대""",긍정
국민일보,中 독주에 견제구?.. 유럽에 부는 전기차 회의론,부정
머니투데이,"전기차로 돌아온 미니..감성이냐 주행거리냐, 그것이 문제로다[시승기]",중립
머니투데이,"수리비 비싼 전기차, 일반차보다 평균 보험료 24%↑",부정
비즈워치,[보푸라기]전기차 보험료가 더 비싼 이유,부정
조선일보,"하이브리드 최강자 도요타, 최근 출시한 전기차로 망신살",부정
연합뉴스,"리커창, 中 BYD 방문..전기차 생산·구매 촉진 정책 약속",긍정
경향신문,프리미엄 이미지 ‘전기차는 제네시스’ 세계시장 달린다,긍정
파이낸셜뉴스,현대차·BMW·닛산도 뛰어들었다.. '소형 전기차' 경쟁 가열,중립
문화일보,"<시평>전기차 차별, 美 결자해지 책임 무겁다",부정
SBS Biz,"""세계 자동차 업계, 2030년까지 전기차에 1700조 투자""",중립
파이낸셜뉴스,[단독] 노조가 먼저 제안한 전환배치… 전기차·IRA 대응 속도 [노동 유연성 높이는 현대차],긍정
데일리안,'고성능 전기차' 춘추전국 시대..내연기관 시대 '판' 흔들린다,중립
KBS,"미 “한국산 전기차, 상업용 판매 보조금 혜택”",긍정
머니투데이,네옴에 'K-전기차·배터리' 들어갈까..빈 살만 방한에 거는 기대감,중립
뉴시스,"산업부 ""美에 IRA 우려 제기..전기차 협의채널 구축 합의""",중립
동아일보,"美, IRA 의견 수렴..""최대한 많은 전기차 보조금 받도록 할 것""",긍정
한겨레,"미 인플레 감축법, 일 전기차엔 오히려 좋아?",중립
오토타임즈,전기차 짧은 주행거리가 단점? 미니가 깼다,중립
한겨레,내연기관차→전기차 개조..2024년께 상용화 전망,중립
뉴시스,"현대차그룹 전기차, 글로벌 충돌테스트서 '최고 등급'",긍정
중앙일보,"한국산 전기차 차별 미국 IRA 장벽, 상용차로 뚫는다",중립
연합뉴스,"美 GM, CES서 내년 출시 예정 픽업트럭 실버라도 전기차 공개",중립
조선비즈,"국산 전기차 내수 판매량, 年 10만대 최초 돌파",긍정
조선비즈,한국산 전기차도 ‘리스 차량’은 美인플레법 보조금 받는다,중립
매일경제,“전기차에서도 람보르기니 사운드 내겠다”...4인승 투도어로 첫 출시,긍정
매일경제,오빠차 아니라 아빠차였네..국산 전기차 구매 10명중 6명이 5060,중립
국민일보,"中, 거센 애국 소비 바람… 자존심 구긴 글로벌 전기차 강자들",부정
전자신문,"폭스콘, 전기차 위탁생산 추진…""빅테크 기업과 손잡나""",중립
한겨레,"전기차 수명 다한 폐배터리..가로등, 선박, 휠체어로 재탄생",긍정
세계일보,"美 전기차 구매자 충성도 높아..""휘발유차로 돌아가지 않을 것""",긍정
오토타임즈,"소프트베리, 전기차 이용 트렌드 발표",중립
연합뉴스,"中토종전기차 BYD, 외국 진출 박차…이번엔 말레이시아",중립
머니투데이,"전기차 충전 1시간에서 '20분'으로 대폭 단축 ""규제개혁의 힘""",긍정
비즈워치,[인사이드 스토리]전기차 충전 시장 뛰어드는 이유,중립
국제신문,전기차 배터리 핵심소재 中 의존도 심화..다변화 시급,부정
문화일보,거세지는 전동화 바람.. 빨라지는 전기차 시대,긍정
연합뉴스,'한번 충전에 1천km'..벤츠 콘셉트 전기차 공개,긍정
시사저널,"""미국 기류 바뀌었다""..韓전기차 보조금 제외, 돌파구 찾나",중립
조선비즈,"“전기차 리스, 지금이 적기”… 업계, 수요 줄자 재고 처리 안간힘",부정
연합뉴스,"""美 IRA 전기차 보조금, WTO·FTA 규정 위반 소지""",부정
한겨레,전기차 작년보다 73% 늘었지만…‘집밥’ 먹일 충전기는 어디에,부정
한국경제,"""전기차 무선충전, 얼마나 편하겠어요""..美에 도전장 [긱스]",중립
전자신문,전기차 충전기 '고객 가로채기' 경쟁 과열,부정
전자신문,"IRA '방지턱'에.. 현대차, 美 전기차 판매 ↓",부정
경향신문,"벤츠·BMW·아우디·현대차그룹…연이은 고성능 전기차 출시, 왜?",중립
연합뉴스,"'거침없는' 中 BYD, 유럽 전기차 시장에 도전장",긍정
SBS Biz,"현대차·기아 전기차 싹쓸이에…'르노·쌍용·한국GM', 차 못 팔아 슬픈데 기여금까지",부정
세계일보,"침수된 전기차, 배터리 때문에 감전될까? [뉴스+]",중립
노컷뉴스,전기차 보조금 차별 IRA..금주부터 실무협의 개시,중립
매경이코노미,주유소에서 전기차 충전..충전기 공유 서비스도 허용,긍정
연합뉴스,지원금 축소 개편안에 전기차 시장 '술렁'..가격산정 눈치 싸움도,부정
비즈워치,"전기차 배터리, 이 정도는 알아야 써먹는다",중립
머니투데이,독일도 '전기차 보조금 삭감' 추진..아이오닉5·EV6 타격,부정
